ID$,SHAPE$,LEFT$,TOP$,RIGHT$,BOTTOM$,名称,所在地,ひとくちメモ,郵便番号,利用時間,URL,写真URL,備考,電話番号,FAX番号,EMAIL,開館時間,開催期間,収容台数,一時利用料,一時利用_1,月極利用料,月極利用_1,月極利用_2,月極利用_4
2,1135.38620771828734.4486502693608,135.386207718287,34.4486502693608,135.386207718287,34.4486502693608,東岸和田市民センター,岸和田市土生町４丁目３番１号（リハーブ内３〜５階）,,5960825,,http://www.city.kishiwada.osaka.jp/soshiki/22/,,,072-428-6711,072-428-0711,,午前9時〜午後5時30分,,,,,,,,
3,1135.43106368846334.4522752376051,135.431063688463,34.4522752376051,135.431063688463,34.4522752376051,山直市民センター,岸和田市三田町715番1号,,5960808,,http://www.city.kishiwada.osaka.jp/soshiki/23/,http://www.city.kishiwada.osaka.jp/uploaded/life/1570_2015_img.jpg,,072-441-1451,072-441-3844,,午前9時から午後5時30分,,,,,,,,
4,1135.39235917536834.4787364025487,135.392359175368,34.4787364025487,135.392359175368,34.4787364025487,春木市民センター,岸和田市春木若松町21番1号,,5960006,,http://www.city.kishiwada.osaka.jp/soshiki/24/,http://www.city.kishiwada.osaka.jp/uploaded/image/1523.jpg,,072-436-4500,072-436-0678,,午前9時〜午後5時30分,,,,,,,,
5,1135.43806673944634.4120581782118,135.438066739446,34.4120581782118,135.438066739446,34.4120581782118,山滝支所,岸和田市内畑町1033番,,,,http://www.city.kishiwada.osaka.jp/soshiki/21/syomeisyo06.html,,,072-479-0001,,,午前9時00分から午後5時30分まで,,,,,,,,
7,1135.38362819755534.4891458535016,135.383628197555,34.4891458535016,135.383628197555,34.4891458535016,下水道施設課,岸和田市磯上町3丁目4番1号,,,,http://www.city.kishiwada.osaka.jp/soshiki/61/,,,072-439-4333〜4,,,,,,,,,,,
9,1135.39235943440834.4710155032384,135.392359434408,34.4710155032384,135.392359434408,34.4710155032384,女性センター,岸和田市加守町4丁目28番地25,南海本線春木駅下車、東(山側)へ徒歩10分）,5960042,,http://www.city.kishiwada.osaka.jp/soshiki/20/,http://www.city.kishiwada.osaka.jp/uploaded/image/1490.gif,,072-441-2535（事務所）,072-441-2536,,,,,,,,,,
10,1135.37200742770934.4604341283937,135.372007427709,34.4604341283937,135.372007427709,34.4604341283937,職員会館,岸和田市岸城町5番8号,,,,,,,072-423-2121,,,,,,,,,,,
11,1135.37827401818434.4515348594665,135.378274018184,34.4515348594665,135.378274018184,34.4515348594665,環境保全課,岸和田市土生町二丁目4番30号　岸和田市環境事務所,,5960825,,http://www.city.kishiwada.osaka.jp/soshiki/28/,,* Tel：072-423-9461（環境保全課代表）<BR>    * Tel：072-423-9462（自然環境担当）<BR>    * Tel：072-423-9462（事業所指導担当）<BR>    * Tel：072-423-9462（温暖化対策担当）<BR>    * Tel：072-423-9463（環境政策担当）,,072-436-0418,,,,,,,,,,
12,1135.3787700078934.4514945528553,135.37877000789,34.4514945528553,135.37877000789,34.4514945528553,生活環境課,岸和田市土生町二丁目4番30号　岸和田市環境事務所,,5960825,,http://www.city.kishiwada.osaka.jp/soshiki/29/,,* Tel：072-423-9439（管理担当）<BR>    * Tel：072-423-9444（地域美化担当）<BR>    * Tel：072-433-0053（粗大ごみ担当）<BR>    * Tel：072-423-1461（収集業務担当）<BR>    * Tel：072-423-9465（ごみ減量・リサイクル担当）,,072-436-0418,,,,,,,,,,
13,1135.39465548873834.4537969584491,135.394655488738,34.4537969584491,135.394655488738,34.4537969584491,桜台市民センター,岸和田市下松町813番地,,5960823,,http://www.city.kishiwada.osaka.jp/soshiki/107/,,,072-428-9229,,,午前9時〜午後5時30分,,,,,,,,
14,1135.41252911685734.4634244216137,135.412529116857,34.4634244216137,135.412529116857,34.4634244216137,八木市民センター,岸和田市池尻町339番地の2,,5960813,,http://www.city.kishiwada.osaka.jp/soshiki/106/,,,072-443-6848,,,午前9時〜午後5時30分,,,,,,,,
501,1135.43896853030334.3897959335839,135.438968530303,34.3897959335839,135.438968530303,34.3897959335839,大沢町駐在所,,,,,,,,,,,,,,,,,,,
502,1135.43876357591934.4104030890113,135.438763575919,34.4104030890113,135.438763575919,34.4104030890113,内畑駐在所,,,,,,,,,,,,,,,,,,,
503,1135.43809897860734.4367260851795,135.438098978607,34.4367260851795,135.438098978607,34.4367260851795,山直上駐在所,,,,,,,,,,,,,,,,,,,
504,1135.41371280634134.4390169311362,135.413712806341,34.4390169311362,135.413712806341,34.4390169311362,尾生駐在所,,,,,,,,,,,,,,,,,,,
505,1135.40931553365934.4243612315037,135.409315533659,34.4243612315037,135.409315533659,34.4243612315037,有真香駐在所,,,,,,,,,,,,,,,,,,,
506,1135.41499522912834.4055866059139,135.414995229128,34.4055866059139,135.414995229128,34.4055866059139,東葛城駐在所,,,,,,,,,,,,,,,,,,,
507,1135.42632672303634.4605134427293,135.426326723036,34.4605134427293,135.426326723036,34.4605134427293,山直下交番,,,,,,,,,,,,,,,,,,,
508,1135.40591661783134.4659962226584,135.405916617831,34.4659962226584,135.405916617831,34.4659962226584,久米田駅前交番,,,,,,,,,,,,,,,,,,,
509,1135.38822221542134.444328592248,135.388222215421,34.444328592248,135.388222215421,34.444328592248,土生交番,,,,,,,,,,,,,,,,,,,
510,1135.3961873319634.4554864366965,135.39618733196,34.4554864366965,135.39618733196,34.4554864366965,下松交番,,,,,,,,,,,,,,,,,,,
511,1135.39943516888634.4819216883579,135.399435168886,34.4819216883579,135.399435168886,34.4819216883579,吉井町交番,,,,,,,,,,,,,,,,,,,
512,1135.39211147246434.4700545849053,135.392111472464,34.4700545849053,135.392111472464,34.4700545849053,中央公園交番,,,,,,,,,,,,,,,,,,,
513,1135.38449853763434.4555466448828,135.384498537634,34.4555466448828,135.384498537634,34.4555466448828,岸和田警察署,岸和田市作才町1丁目1番36号,,,,,,,072-439-1234,,,,,,,,,,,
514,1135.36973459337734.456272029691,135.369734593377,34.456272029691,135.369734593377,34.456272029691,蛸地蔵駅前交番,,,,,,,,,,,,,,,,,,,
515,1135.36974269461934.4612042667426,135.369742694619,34.4612042667426,135.369742694619,34.4612042667426,本町交番,,,,,,,,,,,,,,,,,,,
516,1135.3768436552634.4593901194294,135.37684365526,34.4593901194294,135.37684365526,34.4593901194294,岸和田駅前交番,,,,,,,,,,,,,,,,,,,
517,1135.37802537837334.4708001440922,135.378025378373,34.4708001440922,135.378025378373,34.4708001440922,下野町交番,,,,,,,,,,,,,,,,,,,
518,1135.383828156934.4793006584033,135.3838281569,34.4793006584033,135.3838281569,34.4793006584033,春木町交番,,,,,,,,,,,,,,,,,,,
519,1135.39216895201534.4815519393267,135.392168952015,34.4815519393267,135.392168952015,34.4815519393267,春木交番,,,,,,,,,,,,,,,,,,,
1001,1135.4229837800134.4081626537515,135.42298378001,34.4081626537515,135.42298378001,34.4081626537515,東葛城出張所,神於町232‐8,,5960112,,,,,072‐447‐0119,,,,,,,,,,,
1002,1135.42740372078634.4543451535378,135.427403720786,34.4543451535378,135.427403720786,34.4543451535378,山直分署,岡山町262‐5,,5960814,,,,,072‐443‐0119,,,,,,,,,,,
1003,1135.39517078869334.4485382756497,135.395170788693,34.4485382756497,135.395170788693,34.4485382756497,岸和田市消防本部・消防署,上松町416‐1,,5960827,,,http://www.city.kishiwada.osaka.jp/uploaded/image/6194.jpg,総務課　<BR>庶務・施設管理係　　072‐426‐8603<BR>経理係　　　　　　　072‐426‐0799<BR><BR>予防課<BR>設備係　　　　　　　072‐426‐8605<BR>危険物　　　　　　　072‐426‐8606<BR>査察係　　　　　　　072‐426‐8607<BR><BR>警備課　<BR>警備計画係　　　　　072‐426‐8609<BR><BR>消防本部Fax　　　　  072‐426‐0900<BR><BR>消防署<BR>調査係　　072‐426‐2222<BR>警備係　　072‐426‐0499<BR>救助係　　072‐426‐0699<BR>救急係　　072‐426‐0999<BR>署Fax　　 072‐426‐0880,072‐426‐0119,072‐426‐0900,,,,,,,,,,
1004,1135.40443658956334.4758203443344,135.404436589563,34.4758203443344,135.404436589563,34.4758203443344,八木出張所,中井町1‐17‐23,,5960003,,,,,072‐444‐0119,,,,,,,,,,,
1005,1135.37036162268834.4606885908737,135.370361622688,34.4606885908737,135.370361622688,34.4606885908737,岸城分署,岸城町7-1,,5960073,,,,,072‐431‐0119,072‐431‐0116,,,,,,,,,,
1006,1135.39207521854734.4813037473723,135.392075218547,34.4813037473723,135.392075218547,34.4813037473723,春木分署,春木若松町22‐27,,5960006,,,,,072‐438‐0119,,,,,,,,,,,
1501,1135.39596393263334.461587890881,135.395963932633,34.461587890881,135.395963932633,34.461587890881,市立岸和田市民病院,岸和田市額原町1001番地,,5968501,,http://www.kishiwada-hospital.com/,,,072-445-1000,072-441-8812,,,,,,,,,,
1502,1135.39406225267834.4732531921033,135.394062252678,34.4732531921033,135.394062252678,34.4732531921033,泉州北部小児初期救急広域センター,岸和田市荒木町1丁目1番51号（岸和田メディカルセンター内）,,,,http://www.city.kishiwada.osaka.jp/site/kyukyu/shouni-kyukyu.html,,※　平日（月曜〜金曜日）のお問い合わせは、保健センター（電話：423−8811）へお願いします。,072-443−5940,,,,,,,,,,,
1503,1135.38518455419534.4585503526254,135.385184554195,34.4585503526254,135.385184554195,34.4585503526254,健康推進課（保健センター）,岸和田市別所町3丁目12番1号（岸和田市立保健センター）,,5960045,,http://www.city.kishiwada.osaka.jp/soshiki/33/,,,072-423-8811（直通）,,,,,,,,,,,
2001,1135.37608494854534.4695896344789,135.376084948545,34.4695896344789,135.376084948545,34.4695896344789,いながわ療育園,岸和田市岸野町1番27号,,,,,,,072-423-0033,,,,,,,,,,,
2002,1135.37965450637834.4587031943177,135.379654506378,34.4587031943177,135.379654506378,34.4587031943177,パピースクール,岸和田市野田町1丁目5番5号（福祉総合センター内）,,,,,,,072-438-7755,,,,,,,,,,,
2501,1135.37291700450234.4616679968597,135.372917004502,34.4616679968597,135.372917004502,34.4616679968597,岸和田市立公民館・中央地区公民館,岸和田市堺町1番1号,,5960072,,http://www.city.kishiwada.osaka.jp/soshiki/67/tyuo.html,http://www.city.kishiwada.osaka.jp/uploaded/image/1364.jpg,申込受付時間：午前9時〜午後5時30分<BR>休館日：月曜日、祝日、9月祭礼日、年末年始（12月30日〜1月4日）<BR>※　月曜日が祝日の場合はその翌日も休館。ただし、敬老の日の翌日は開館。,072-423-9615,072−423−3011,,午前9時〜午後9時,,,,,,,,
2502,1135.39197891492934.4788170298211,135.391978914929,34.4788170298211,135.391978914929,34.4788170298211,市立公民館分館（春木市民センター）,岸和田市春木若松町21番1号,,5960006,,http://www.city.kishiwada.osaka.jp/soshiki/24/,,休館日：月曜日<BR>国民の祝日・休日（国民の祝日が月曜日にあたるときは、翌日も休館、ただし、敬老の日の翌日は開館）<BR>敬老の日の前日及び前々日<BR>12月30日から1月4日,072-436-4500,072-436-0678,,午前9時から午後9時,,,,,,,,
2503,1135.38663876157134.4791797690386,135.386638761571,34.4791797690386,135.386638761571,34.4791797690386,春木地区公民館・春木青少年会館,岸和田市春木宮川町5番16号,,,,,,,072-422−0303,,,,,,,,,,,
2504,1135.41071261485434.4229501330849,135.410712614854,34.4229501330849,135.410712614854,34.4229501330849,葛城地区公民館（有真香会館）,岸和田市土生滝町689番1号,,,,,,,072-428−1787,,,,,,,,,,,
2505,1135.37636394019134.4671378864514,135.376363940191,34.4671378864514,135.376363940191,34.4671378864514,光陽地区公民館,岸和田市並松町15番10号,,5960052,,http://www.sensyu.ne.jp/kouyouko/,,,072-439-4786,,,,,,,,,,,
2506,1135.43936391979234.431632604996,135.439363919792,34.431632604996,135.439363919792,34.431632604996,山滝地区公民館,岸和田市稲葉町134番15号,,5960103,,http://www2.sensyu.ne.jp/kouminkan/yamataki/,,,072-479-0898,072-479-0898,,,,,,,,,,
2507,1135.39900540930834.4790322209436,135.399005409308,34.4790322209436,135.399005409308,34.4790322209436,城北地区公民館,岸和田市吉井町1丁目21番1号,,,,,,,072-445−8578,,,,,,,,,,,
2508,1135.3923589624734.4850797697144,135.39235896247,34.4850797697144,135.39235896247,34.4850797697144,大芝地区公民館,岸和田市磯上町1丁目14番41号,,,,,,,072-439−5900,,,,,,,,,,,
2509,1135.38581999785934.4486539570276,135.385819997859,34.4486539570276,135.385819997859,34.4486539570276,旭地区公民館（東岸和田市民センター）,岸和田市土生町４丁目３番１号（リハーブ内３〜５階）,,5960825,,http://www.city.kishiwada.osaka.jp/soshiki/22/,,,072-428−6711,,,,,,,,,,,
2510,1135.42911528664934.3780497243518,135.429115286649,34.3780497243518,135.429115286649,34.3780497243518,葛城上地区公民館,岸和田市塔原町615番1号,,,,,,,072-478-8016,,,,,,,,,,,
2511,1135.43112983828434.4517376656034,135.431129838284,34.4517376656034,135.431129838284,34.4517376656034,山直地区公民館（山直市民センター）,岸和田市三田町715番1号,,5960808,,http://www.city.kishiwada.osaka.jp/soshiki/23/,,休館日：<BR>・月曜日<BR>・国民の祝休日（祝日が月曜の時は、その翌日も。ただし、体育の日の翌日は開館する）<BR>・12月30日から1月4日<BR>・体育の日の前日および前々日,072-441-1451,,,午前9時から午後9時,,,,,,,,
2512,1135.41086079278734.4414157873927,135.410860792787,34.4414157873927,135.410860792787,34.4414157873927,光明地区公民館,岸和田市尾生町1231番3号,,,,,,,072-441−8889,,,,,,,,,,,
2513,1135.4009640398134.4758805911593,135.40096403981,34.4758805911593,135.40096403981,34.4758805911593,新条地区公民館,岸和田市荒木町2丁目22番8号,,,,http://www2.sensyu.ne.jp/kouminkan/sinjo/,,,072-441-4123,072-441-4123,,,,,,,,,,
2514,1135.39685780005634.4291050315362,135.396857800056,34.4291050315362,135.396857800056,34.4291050315362,天神山地区公民館,岸和田市天神山町2丁目9番1号,,,,,,,072-426-3801,,,,,,,,,,,
2515,1135.42112727080834.4557692367202,135.421127270808,34.4557692367202,135.421127270808,34.4557692367202,久米田青少年会館,岸和田市岡山町450番1号,,5960821,,http://www2.sensyu.ne.jp/kouminkan/kumeda/,,,072-445-1155,072-445-1155,,,,,,,,,,
2516,1135.40776806507134.4732266288968,135.407768065071,34.4732266288968,135.407768065071,34.4732266288968,箕土路青少年会館,岸和田市箕土路町2丁目6番15号,,,,http://www2.sensyu.ne.jp/kouminkan/midoro/,,,072-444-2097,072-444-2097,,,,,,,,,,
2517,1135.38678102282634.4692859149416,135.386781022826,34.4692859149416,135.386781022826,34.4692859149416,大宮青少年会館,岸和田市宮前町4番25号,,5960043,,http://www2.sensyu.ne.jp/kouminkan/omiya/,,,072-444−7138,072-444−7138,,,,,,,,,,
2518,1135.43838986906234.3900378283866,135.438389869062,34.3900378283866,135.438389869062,34.3900378283866,大沢山荘,岸和田市大沢町440番,,,,,,,072-479−0108,,,,,,,,,,,
2519,1135.39477871690334.4539016980222,135.394778716903,34.4539016980222,135.394778716903,34.4539016980222,常盤地区公民館（桜台市民センター）,岸和田市下松町813番地,,5960823,,http://www.city.kishiwada.osaka.jp/soshiki/107/,,,072-428-9229,,,火曜〜日曜　午前9時〜午後9時,,,,,,,,
2520,1135.41266842135234.463450609005,135.412668421352,34.463450609005,135.412668421352,34.463450609005,八木地区公民館（八木市民センター）,岸和田市池尻町339番地の2,,5960813,,http://www.city.kishiwada.osaka.jp/soshiki/106/,,,072-443-6848,,,火曜〜日曜　午前9時〜午後9時,,,,,,,,
3001,1135.37411312347234.4591947920874,135.374113123472,34.4591947920874,135.374113123472,34.4591947920874,岸和田市立図書館,岸和田市岸城町１番18号,,5960073,,http://www.city.kishiwada.osaka.jp/site/toshokan/,http://www.city.kishiwada.osaka.jp/uploaded/image/12175.jpg,"休館日<BR>
毎週月曜日・国民の祝日（月曜日と重なるときはその翌日も）<BR>
※5月5日・11月3日は祝日開館<BR>
特別図書整理期間・9月祭礼・年末年始
",072-422-2142,072-432-8686,,午前10時〜午後6時（水曜日は午後7時まで開館）,,,,,,,,
3002,1135.43056771767334.4517510919981,135.430567717673,34.4517510919981,135.430567717673,34.4517510919981,山直図書館,岸和田市三田町715番1号 (山直市民センター内),,5960808,,http://www.city.kishiwada.osaka.jp/site/toshokan/,http://www.city.kishiwada.osaka.jp/uploaded/image/12177.jpg,"休館日<BR>
毎週月曜日・国民の祝日（月曜日と重なるときはその翌日も）・特別図書整理期間・10月祭礼・年末年始
",072-441-7575,,,火曜〜日曜　午前10時〜午後6時,,,,,,,,
3003,1135.39259062667434.4790320732957,135.392590626674,34.4790320732957,135.392590626674,34.4790320732957,春木図書館,岸和田市春木若松町21番1号（春木市民センター内）,,5960006,,http://www.city.kishiwada.osaka.jp/site/toshokan/,http://www.city.kishiwada.osaka.jp/uploaded/image/12178.jpg,"休館日<BR>
毎週月曜日・国民の祝日（月曜日と重なるときはその翌日も）・特別図書整理期間・9月祭礼・年末年始
",072-436-0679,,,火曜〜日曜　午前10時〜午後6時,,,,,,,,
3004,1135.38608442761834.4487679762592,135.386084427618,34.4487679762592,135.386084427618,34.4487679762592,旭図書館,岸和田市土生町４丁目３番１号(リハーブ内３階),,5960825,,http://www.city.kishiwada.osaka.jp/site/toshokan/,http://www.city.kishiwada.osaka.jp/uploaded/image/12179.jpg,"休館日<BR> 
毎週月曜日・国民の祝日（月曜日と重なるときはその翌日も）・特別図書整理期間・10月祭礼・年末年始
",072-428-6200,,,火曜〜日曜　午前10時〜午後6時,,,,,,,,
3005,1135.39492874158434.4537969647343,135.394928741584,34.4537969647343,135.394928741584,34.4537969647343,桜台図書館,岸和田市下松町813番地,,5960823,,http://www.city.kishiwada.osaka.jp/site/toshokan/,http://www.city.kishiwada.osaka.jp/uploaded/image/25389.jpg,"休館日<BR>
毎週月曜日・国民の祝日（月曜日と重なるときはその翌日も）・特別図書整理期間・10月祭礼・年末年始
",072-428-9230,,,火曜〜日曜　午前10時〜午後6時,,,,,,,,
3006,1135.41273271994734.4633371456853,135.412732719947,34.4633371456853,135.412732719947,34.4633371456853,八木図書館,岸和田市池尻町339番地の2,,5960813,,http://www.city.kishiwada.osaka.jp/site/toshokan/,http://www.city.kishiwada.osaka.jp/uploaded/image/25405.jpg,"休館日<BR>
毎週月曜日・国民の祝日（月曜日と重なるときはその翌日も）・特別図書整理期間・10月祭礼・年末年始
",072-443-6848,,,火曜〜日曜　午前10時〜午後6時,,,,,,,,
3501,1135.37020545382934.4660760371933,135.370205453829,34.4660760371933,135.370205453829,34.4660760371933,浪切ホール,岸和田市港緑町1番1号,,5960014,,http://www.namikiri.jp/,,"休館日<BR>
　　毎月第3月曜日とその翌日、<BR>
　　敬老の日の前３日間",072-439-4173,072-439-4551,,AM9:00〜PM11:00,,,,,,,,
3502,1135.39708785872234.4709551350274,135.397087858722,34.4709551350274,135.397087858722,34.4709551350274,マドカホール（岸和田市立文化会館）,岸和田市荒木町1丁目17番1号,,5960004,,http://www.city.kishiwada.osaka.jp/soshiki/10/,http://www.city.kishiwada.osaka.jp/uploaded/image/884.gif,,072-443-3800,072-443-4627,,,,,,,,,,
3503,1135.37187561893534.4605775588327,135.371875618935,34.4605775588327,135.371875618935,34.4605775588327,自泉会館,岸和田市岸城町5番10号,,5960073,,http://www.city.kishiwada.osaka.jp/soshiki/11/,,,072-437-3801,072-437-3801,,9時 から22時 まで（施設利用申請の受付は17時まで）,,,,,,,,
4001,1135.37055001197134.4624415489981,135.370550011971,34.4624415489981,135.370550011971,34.4624415489981,きしわだ自然資料館,岸和田市堺町6番5号 きしわだ自然資料館,入館料<BR>おとな：200円<BR>中学生以下：無料<BR>団体（25名以上）：140円<BR>＊特別展期間中は、おとな400円、中学生以下無料、団体（25名以上）280円となりますので、ご注意ください。<BR><BR>休館日<BR>毎週月曜日（ただし月曜日が祝日の場合は開館）、毎月月末日、祝日・休日の翌日（翌日が土・日曜日の場合は開館）、その他祭礼休館日（9月）、年末年始休館日（12月29日〜1月5日）があります。,5960072,,http://www．city．kishiwada．osaka．jp/site/shizenshi/,,入館料<BR>おとな：200円<BR>中学生以下：無料<BR>団体（25名以上）：140円<BR>＊特別展期間中は、おとな400円、中学生以下無料、団体（25名以上）280円となりますので、ご注意ください。<BR><BR>休館日<BR>毎週月曜日（ただし月曜日が祝日の場合は開館）、毎月月末日、祝日,072-423-8100,072-423-8101,,10時〜17時（入館は16時まで）,,,,,,,,
4501,1135.37940926415234.458486013187,135.379409264152,34.458486013187,135.379409264152,34.458486013187,科学技術教育センター,岸和田市野田町1丁目5番5号,,,,,,,072-422-0962,,,,,,,,,,,
5001,1135.38595685025134.448541953065,135.385956850251,34.448541953065,135.385956850251,34.448541953065,東岸和田サービスセンター,岸和田市土生町４丁目３番１号（リハーブ内３階）,,5960825,,http://www.city.kishiwada.osaka.jp/soshiki/22/,,,072-428-6711,072-428-0711,,午前9時から午後5時30分,,,,,,,,
5002,1135.39202852458734.4784944868679,135.392028524587,34.4784944868679,135.392028524587,34.4784944868679,春木サービスセンター,岸和田市春木若松町21番1号（春木市民センター内）,,5960006,,http://www.city.kishiwada.osaka.jp/soshiki/24/,,,072-436-4500,072-436-0678,,午前9時00分から午後5時30分まで,,,,,,,,
5003,1135.43055116939634.4522080291131,135.430551169396,34.4522080291131,135.430551169396,34.4522080291131,山直サービスセンター,岸和田市三田町715番1号,,5960808,,http://www.city.kishiwada.osaka.jp/soshiki/23/,,,072-441-1451,072-441-3844,,午前9時から午後5時30分,,,,,,,,
5004,1135.38545736355534.458079982082,135.385457363555,34.458079982082,135.385457363555,34.458079982082,消費生活センター,岸和田市別所町3丁目13番26号　産業会館3F,,5960045,,http://www.city.kishiwada.osaka.jp/soshiki/19/,,Tel：072-439-5281（相談専用）,072-438-5281,072-439-5300,,,,,,,,,,
5005,1135.39770833477334.456326430297,135.397708334773,34.456326430297,135.397708334773,34.456326430297,岸和田地域子育て支援センター,岸和田市下松町849番（光陽保育園内）,,,,,,,072-428-2880,,,,,,,,,,,
5006,1135.41150517352734.4534708884553,135.411505173527,34.4534708884553,135.411505173527,34.4534708884553,子育て支援センターさくらだい,岸和田市尾生町5丁目3番40号（桜台保育所内）,,5960816,,http://www.city.kishiwada.osaka.jp/soshiki/35/sienncenter-sakuradai.html,,,072-445-1962,"072-445-1963
",,,,,,,,,,
5007,1135.38149687507334.4833727239234,135.381496875073,34.4833727239234,135.381496875073,34.4833727239234,下水ポンプ場中央管理室,岸和田市春木大国町8番20号,,,,,,,072-422-6331,,,,,,,,,,,
5008,1135.3661961584334.4677558621863,135.36619615843,34.4677558621863,135.36619615843,34.4677558621863,大北下水ポンプ場,岸和田市地蔵浜町9番,,,,,,,,,,,,,,,,,,
5009,1135.37513205197834.4726211077539,135.375132051978,34.4726211077539,135.375132051978,34.4726211077539,下野町下水ポンプ場,岸和田市臨海町21番,,,,,,,,,,,,,,,,,,
5010,1135.38199286386434.4833592959986,135.381992863864,34.4833592959986,135.381992863864,34.4833592959986,天の川下水ポンプ場,岸和田市春木大国町8番20号,,,,,,,,,,,,,,,,,,
5011,1135.37903430852934.4582545457728,135.379034308529,34.4582545457728,135.379034308529,34.4582545457728,福祉総合センター,岸和田市野田町1丁目5番5号,,,,,,,072-438-2321,,,,,,,,,,,
5012,1135.3948055141534.4536704050073,135.39480551415,34.4536704050073,135.39480551415,34.4536704050073,桜台サービスセンター,岸和田市下松町813番地,,5960823,,http://www.city.kishiwada.osaka.jp/soshiki/107/,,,072-428-9229,,,月曜〜金曜　午前9時〜午後5時30分,,,,,,,,
5013,1135.4125987737934.463297866325,135.41259877379,34.463297866325,135.41259877379,34.463297866325,八木サービスセンター,岸和田市池尻町339番地の2,,5960813,,http://www.city.kishiwada.osaka.jp/soshiki/106/,,,072-443-6848,,,月曜〜金曜　午前9時〜午後5時30分,,,,,,,,
5014,1135.38063888834934.4638469988493,135.380638888349,34.4638469988493,135.380638888349,34.4638469988493,労働会館,大阪府岸和田市沼町25番13号,,5960053,,http://www.city.kishiwada.osaka.jp/soshiki/37/,,休館日　土曜日、日曜日、国民の祝休日、12月29日〜1月3日,072-423-8895,072-423-8897,,開館時間　午前9時から午後5時30分まで,,,,,,,,
6001,1135.37067688817734.4587516091259,135.370676888177,34.4587516091259,135.370676888177,34.4587516091259,岸和田城,,,,,http://www.city.kishiwada.osaka.jp/soshiki/36/kishiwadajyo.html,http://www.city.kishiwada.osaka.jp/uploaded/image/2904.jpg,入館料<BR>おとな：300円<BR>中学生以下：無料<BR>団体（25名以上）：3割引<BR><BR>休場日<BR>毎週月曜日（ただし月曜日が祝日・休日の場合は開場）、年末年始（12月29日から1月3日）<BR><BR>※ただし、お城まつり期間中（4月1日から15日）は開場,,,,午前10時〜午後5時（入場は午後4時まで）,,,,,,,,
6501,1135.39535197612934.4686704077074,135.395351976129,34.4686704077074,135.395351976129,34.4686704077074,総合体育館,岸和田市西之内町45番1号,,,,,,,072-441-9200,,,,,,,,,,,
6502,1135.3832833803534.4551232778037,135.38328338035,34.4551232778037,135.38328338035,34.4551232778037,中央体育館,岸和田市作才町1丁目7番15号,,,,,,,072-422-0326,,,,,,,,,,,
6503,1135.38204273951934.4751075441065,135.382042739519,34.4751075441065,135.382042739519,34.4751075441065,春木体育館,岸和田市春木泉町1番10号,,,,,,,072-423-0081,,,,,,,,,,,
6504,1135.38205958296434.4658478410448,135.382059582964,34.4658478410448,135.382059582964,34.4658478410448,牛ノ口公園運動広場,岸和田市上野町東1番1号,,,,,,牛ノ口公園テニスコート,072-422-0463,,,,,,,,,,,
6505,1135.42081313311734.4561186522754,135.420813133117,34.4561186522754,135.420813133117,34.4561186522754,久米田公園運動広場,岸和田市岡山町26番2号,,,,,,,072-443-9677,,,,,,,,,,,
6506,1135.3899618054634.4815048508492,135.38996180546,34.4815048508492,135.38996180546,34.4815048508492,春木運動広場,岸和田市八幡町6番11号,,,,,,,072-439-5523,,,,,,,,,,,
6507,1135.39047567215334.4413750005526,135.390475672153,34.4413750005526,135.390475672153,34.4413750005526,葛城運動広場,岸和田市極楽寺町446番,,,,,,,072-427-2267,,,,,,,,,,,
6508,1135.4105954224234.4665607825384,135.41059542242,34.4665607825384,135.41059542242,34.4665607825384,八木運動広場,岸和田市大町178番1号,,,,,,,072-443-2994,,,,,,,,,,,
6509,1135.36250129742534.4602297483351,135.362501297425,34.4602297483351,135.362501297425,34.4602297483351,浜工業公園球技広場,岸和田市地蔵浜町10番,,,,,,浜工業公園テニスコート,072-436-0300,,,,,,,,,,,
6510,1135.39561642706134.4709416618286,135.395616427061,34.4709416618286,135.395616427061,34.4709416618286,中央公園スポーツ広場,岸和田市西之内町8番,,,,,,,072-444-4371,,,,,,,,,,,
6511,1135.37918249995634.4763035793253,135.379182499956,34.4763035793253,135.379182499956,34.4763035793253,春木台場青少年広場,岸和田市春木泉町20番48号,,,,,,,,,,,,,,,,,,
6512,1135.37114702633434.4900921543033,135.371147026334,34.4900921543033,135.371147026334,34.4900921543033,臨海青少年広場,岸和田市木材町17番1号,,,,,,,,,,,,,,,,,,
6513,1135.40679357282934.4448561643845,135.406793572829,34.4448561643845,135.406793572829,34.4448561643845,菊ケ池青少年広場,岸和田市尾生町1067番2号,,,,,,,,,,,,,,,,,,
6514,1135.42776687343634.4072869759479,135.427766873436,34.4072869759479,135.427766873436,34.4072869759479,神楽目青少年広場,岸和田市内畑町3306番,,,,,,,,,,,,,,,,,,
6515,1135.37245439224634.4524082826434,135.372454392246,34.4524082826434,135.372454392246,34.4524082826434,鴨田池青少年広場,岸和田市南上町2丁目290番,,,,,,,,,,,,,,,,,,
6516,1135.43990928799634.4381641360757,135.439909287996,34.4381641360757,135.439909287996,34.4381641360757,奥ノ池青少年広場,岸和田市山直中町498番1号,,,,,,,,,,,,,,,,,,
6517,1135.42937139007134.3827534990721,135.429371390071,34.3827534990721,135.429371390071,34.3827534990721,茂知谷青少年広場,岸和田市相川町18番1号,,,,,,,,,,,,,,,,,,
6518,1135.44382924508734.3889493669821,135.443829245087,34.3889493669821,135.443829245087,34.3889493669821,大沢青少年広場,岸和田市大沢町656番,,,,,,,,,,,,,,,,,,
6519,1135.36926329122134.4596520122444,135.369263291221,34.4596520122444,135.369263291221,34.4596520122444,市民道場心技館,岸和田市岸城町7番204号,,,,,,,072-422-7378,,,,,,,,,,,
6520,1135.37954694510534.454814087127,135.379546945105,34.454814087127,135.379546945105,34.454814087127,野田公園テニスコート,岸和田市野田町2丁目20番18号,,,,,,,072-422-0326,,,,,,,,,,,
6521,1135.37906674139634.4771368155704,135.379066741396,34.4771368155704,135.379066741396,34.4771368155704,春木台場テニスコート,岸和田市春木泉町20番48号,,,,,,,072-423-0081,,,,,,,,,,,
6522,1135.39168541792134.4405136616231,135.391685417921,34.4405136616231,135.391685417921,34.4405136616231,葛城テニスコート,岸和田市畑町4丁目475番,,,,,,,072-427-2267,,,,,,,,,,,
6523,1135.3974681480234.4700143901547,135.39746814802,34.4700143901547,135.39746814802,34.4700143901547,中央公園テニスコート,岸和田市西之内町8,,5960043,,,,,072-444-4371,,,,,,,,,,,
6524,1135.37982797860534.4556070145101,135.379827978605,34.4556070145101,135.379827978605,34.4556070145101,野田プール,岸和田市野田町2丁目20番18号,,,,,,,,,,,,,,,,,,
6525,1135.40343769060334.4357307765922,135.403437690603,34.4357307765922,135.403437690603,34.4357307765922,葛城プール,岸和田市土生町211番,,,,,,,,,,,,,,,,,,
6526,1135.43969502646434.4182739099262,135.439695026464,34.4182739099262,135.439695026464,34.4182739099262,山滝プール,岸和田市内畑町204番,,,,,,,,,,,,,,,,,,
6527,1135.38786211876534.4815854385516,135.387862118765,34.4815854385516,135.387862118765,34.4815854385516,春木プール,岸和田市八幡町13番81号,,,,,,,,,,,,,,,,,,
6528,1135.37466914394434.4721910383151,135.374669143944,34.4721910383151,135.374669143944,34.4721910383151,朝陽プール,岸和田市臨海町21番1号,,,,,,,,,,,,,,,,,,
6529,1135.365936551134.4640507769354,135.3659365511,34.4640507769354,135.3659365511,34.4640507769354,浜プール,岸和田市大手町13番35号,,,,,,,,,,,,,,,,,,
6530,1135.41651415958734.4682677146893,135.416514159587,34.4682677146893,135.416514159587,34.4682677146893,今木プール,岸和田市東大路町208番,,,,,,,,,,,,,,,,,,
6531,1135.42661610145534.4589679255308,135.426616101455,34.4589679255308,135.426616101455,34.4589679255308,山直北プール,岸和田市三田町1043番2号,,,,,,,,,,,,,,,,,,
6532,1135.39878283152134.4796036580165,135.398782831521,34.4796036580165,135.398782831521,34.4796036580165,城北プール,岸和田市吉井町1丁目16番18号,,,,,,,,,,,,,,,,,,
7001,1135.38860799910934.4249520863799,135.388607999109,34.4249520863799,135.388607999109,34.4249520863799,斎場(葬儀事務所),岸和田市流木町1092番1号,,,,,,,072-427-3958,,,,,,,,,,,
7002,1135.38698751134334.4326931079653,135.386987511343,34.4326931079653,135.386987511343,34.4326931079653,墓苑事務所,岸和田市流木町716番,,,,,,,072-426-1053,,,,,,,,,,,
7003,1135.38063755549234.4716401627571,135.380637555492,34.4716401627571,135.380637555492,34.4716401627571,共同墓地管理事務所,岸和田市上野町西2036番,,,,,,,072-422-4607,,,,,,,,,,,
7501,1135.37805028187234.4676956577337,135.378050281872,34.4676956577337,135.378050281872,34.4676956577337,高齢者ふれあいセンター朝陽,岸和田市下野町5丁目3番8号,,,,,,,072-438-4456,,,,,,,,,,,
7502,1135.36694860870534.4617484956815,135.366948608705,34.4617484956815,135.366948608705,34.4617484956815,市立浜老人集会所,岸和田市中之浜町7番3号,,,,,,,072-438-4454,,,,,,,,,,,
8001,1135.38951578432134.4705249019938,135.389515784321,34.4705249019938,135.389515784321,34.4705249019938,サン・アビリティーズ,岸和田市加守町4丁目6番18号,,,,http://www.city.kishiwada.osaka.jp/uploaded/attachment/4764.pdf,,,072-444-8081,,,,,,,,,,,
8502,1135.38066241394334.4698796101353,135.380662413943,34.4698796101353,135.380662413943,34.4698796101353,千喜里保育所,岸和田市上野町西15番20号,,,,,,定員：90<BR>対象年齢：57日〜,072-422-1344,,,,,,,,,,,
8503,1135.38960672723834.4701754813129,135.389606727238,34.4701754813129,135.389606727238,34.4701754813129,大宮保育所,岸和田市加守町4丁目6番38号,,,,,,定員：90<BR>対象年齢：3ヶ月〜,072-445-7464,,,,,,,,,,,
8504,1135.39144285014134.4413548637824,135.391442850141,34.4413548637824,135.391442850141,34.4413548637824,旭保育所,岸和田市土生町720番,,,,,,定員：90<BR>対象年齢：3ヶ月〜,072-427-7934,,,,,,,,,,,
8505,1135.42607883348634.4573955106179,135.426078833486,34.4573955106179,135.426078833486,34.4573955106179,山直北保育所,岸和田市岡山町177番2号,,,,,,定員：120<BR>対象年齢：3ヶ月〜,072-445-0355,,,,,,,,,,,
8507,1135.38148888136134.475241924738,135.381488881361,34.475241924738,135.381488881361,34.475241924738,春木保育所,岸和田市春木泉町1番5号,,,,,,定員：110<BR>対象年齢：3ヶ月〜,072-439-6431,,,,,,,,,,,
8508,1135.3984267463134.4793278730446,135.39842674631,34.4793278730446,135.39842674631,34.4793278730446,城北保育所,岸和田市吉井町1丁目16番24号,,,,,,定員：120<BR>対象年齢：3ヶ月〜,072-444-3785,,,,,,,,,,,
8510,1135.37691823339734.4540211057711,135.376918233397,34.4540211057711,135.376918233397,34.4540211057711,城内保育所,岸和田市上町33番5号,,,,,,定員：120<BR>対象年齢：57日〜,072-439-9981,,,,,,,,,,,
8511,1135.41183534822234.4679047448491,135.411835348222,34.4679047448491,135.411835348222,34.4679047448491,八木北保育所,岸和田市大町3丁目21番20号,,,,,,定員：120<BR>対象年齢：3ヶ月〜,072-443-2995,,,,,,,,,,,
8513,1135.40469446139834.4277612778736,135.404694461398,34.4277612778736,135.404694461398,34.4277612778736,修斉保育所,岸和田市真上町55番地,,,,,,定員：120<BR>対象年齢：57日〜,072-427-9767,,,,,,,,,,,
8515,1135.41102570638734.4538203002076,135.411025706387,34.4538203002076,135.411025706387,34.4538203002076,桜台保育所,岸和田市尾生町5丁目3番40号,,,,,,定員：150<BR>対象年齢：57日〜,072-444-6291,,,,,,,,,,,
9501,1135.38759765162634.4797980006162,135.387597651626,34.4797980006162,135.387597651626,34.4797980006162,春木小学校,岸和田市春木宮川町11番13号,,5960024,,http://haruki-e.kishiwada.ed.jp/,,,072-422-0552,0724-37-2051,,,,,,,,,,
9502,1135.38810996725334.4859263501567,135.388109967253,34.4859263501567,135.388109967253,34.4859263501567,大芝小学校,岸和田市磯上町2丁目4番1号,,5960001,,http://oshiba-e.kishiwada.ed.jp/,,,072-422-1031,072-422-2223,,,,,,,,,,
9503,1135.36654901785334.4625822092324,135.366549017853,34.4625822092324,135.366549017853,34.4625822092324,浜小学校,岸和田市紙屋町12番20号,,5960064,,http://hama-e.kishiwada.ed.jp/,,,072-422-0327,072-432-0616,,,,,,,,,,
9504,1135.37210688434834.4618426896221,135.372106884348,34.4618426896221,135.372106884348,34.4618426896221,中央小学校,岸和田市堺町1番10号,,5960072,,http://chuuou-e.kishiwada.ed.jp/,,,072-422-0301,072-432-0617,,,,,,,,,,
9505,1135.37939775314834.4666138220608,135.379397753148,34.4666138220608,135.379397753148,34.4666138220608,朝陽小学校,岸和田市上野町西1番28号,,,,http://chouyou-e.kishiwada.ed.jp/,,,072-422-0302,,,,,,,,,,,
9506,1135.37230556063134.4534565475587,135.372305560631,34.4534565475587,135.372305560631,34.4534565475587,城内小学校,岸和田市南上町 2丁目3番1号,,5960078,,http://jyounai-e.kishiwada.ed.jp/,,,072-422-0310,072-432-0615,,,,,,,,,,
9507,1135.38212595529634.4586712363276,135.382125955296,34.4586712363276,135.382125955296,34.4586712363276,東光小学校,岸和田市別所町2丁目1番30号,,5960045,,http://toukou-e.kishiwada.ed.jp/,,,072-422-0461,072-438-8899,,,,,,,,,,
9508,1135.38776332640834.469503472031,135.387763326408,34.469503472031,135.387763326408,34.469503472031,大宮小学校,岸和田市宮前町７−１,,5960043,,http://omiya-e.kishiwada.ed.jp/,,,072-445-1725,072-445-1735,,,,,,,,,,
9509,1135.39993641149334.4759149923513,135.399936411493,34.4759149923513,135.399936411493,34.4759149923513,新条小学校,岸和田市荒木町2丁目4番33号,,,,http://sinjyou-e.kishiwada.ed.jp/,,,072-445-5705,072-445-5788,,,,,,,,,,
9510,1135.40644550793534.4708881537191,135.406445507935,34.4708881537191,135.406445507935,34.4708881537191,八木北小学校,岸和田市下池田町3丁目6番4号,,5960811,,http://yagikita-e.kishiwada.ed.jp/,,,072-443-6631,072-443-6632,,,,,,,,,,
9511,1135.41084336879634.4679853580381,135.410843368796,34.4679853580381,135.410843368796,34.4679853580381,八木小学校,岸和田市大町3丁目22番1号,,5960812,,http://yagi-e.kishiwada.ed.jp/,,,072-445-0049,072-445-5979,,,,,,,,,,
9512,1135.42562493421834.4600698531573,135.425624934218,34.4600698531573,135.425624934218,34.4600698531573,山直北小学校,岸和田市田治米町460番,,5960805,,http://yamadaikita-e.kishiwada.ed.jp/,,,072-445-0156,072-445-0653,,,,,,,,,,
9513,1135.43056741639434.4607285697971,135.430567416394,34.4607285697971,135.430567416394,34.4607285697971,城東小学校,岸和田市三田町146番,,,,http://jyoutou-e.kishiwada.ed.jp/,,,072-444-5516,072-444-5373,,,,,,,,,,
9514,1135.39814650896234.4548010755378,135.398146508962,34.4548010755378,135.398146508962,34.4548010755378,常盤小学校,岸和田市下松町885番地,,5960823,,http://tokiwa-e.kishiwada.ed.jp/,,,072-427-4954,072-427-5242,,,,,,,,,,
9515,1135.38716906010334.4420603307708,135.387169060103,34.4420603307708,135.387169060103,34.4420603307708,太田小学校,岸和田市畑町3丁目12番1号,,,,http://ota-e.kishiwada.ed.jp/,,,072-427-8124,072-427-8125,,,,,,,,,,
9516,1135.38997966443334.4419528806831,135.389979664433,34.4419528806831,135.389979664433,34.4419528806831,旭小学校,岸和田市土生町1491番,,5960825,,http://asahi-e.kishiwada.ed.jp/,,,072-427-0904,072-427-6784,,,,,,,,,,
9517,1135.39345200332734.4294006186881,135.393452003327,34.4294006186881,135.393452003327,34.4294006186881,天神山小学校,岸和田市天神山町1丁目11番1号,,5960834,,http://tenjinyama-e.kishiwada.ed.jp/,,,072-427-8775,,,,,,,,,,,
9518,1135.4074720035234.4275463123267,135.40747200352,34.4275463123267,135.40747200352,34.4275463123267,修斉小学校,岸和田市土生滝町521番地,,5960844,,http://shuusai-e.kishiwada.ed.jp/,,,0724-27-5913,0724-27-2134,,,,,,,,,,
9519,1135.41635087902334.4071321610527,135.416350879023,34.4071321610527,135.416350879023,34.4071321610527,東葛城小学校,岸和田市河合町1833番4号,,5960113,,http://higasikatsuragi-e.kishiwada.ed.jp/,,,072-446-1169,072-446-2814,,,,,,,,,,
9520,1135.43857902186134.4132972533651,135.438579021861,34.4132972533651,135.438579021861,34.4132972533651,山滝小学校,岸和田市内畑町1041番地,,5960105,,http://yamataki-e.kishiwada.ed.jp/,,,072-479-0012,072-479-0086,,,,,,,,,,
9521,1135.43695003618134.4338231616129,135.436950036181,34.4338231616129,135.436950036181,34.4338231616129,山直南小学校,岸和田市稲葉町20番地,,5960103,,http://yamadaiminami-e.kishiwada.ed.jp/,,,072-479-0054,072-479-1876,,,,,,,,,,
9522,1135.4049578990534.4602710427339,135.40495789905,34.4602710427339,135.40495789905,34.4602710427339,八木南小学校,岸和田市小松里町768番1号,,5960831,,http://yagiminami-e.kishiwada.ed.jp/,,,072-445-5894,072-445-5984,,,,,,,,,,
9523,1135.41211723901134.4431360515838,135.412117239011,34.4431360515838,135.412117239011,34.4431360515838,光明小学校,岸和田市尾生町564番,,5960816,,http://koumyou-e.kishiwada.ed.jp/,,,072−445−0138,072−445−0342,,,,,,,,,,
9524,1135.39684501591334.476254752872,135.396845015913,34.476254752872,135.396845015913,34.476254752872,城北小学校,岸和田市荒木町2丁目1番1号,,,,http://jyouhoku-e.kishiwada.ed.jp/,,,072-444-1055,,,,,,,,,,,
10501,1135.38926813623834.4602034850736,135.389268136238,34.4602034850736,135.389268136238,34.4602034850736,岸和田市立産業高等学校,岸和田市別所町3丁目33番1号,,5960045,,,,,072-422-4861,072-422-6111,,,,,,,,,,
11501,1135.39142036316834.4784963301135,135.391420363168,34.4784963301135,135.391420363168,34.4784963301135,市営春木駅西自転車等駐車場,春木若松町20-18　（電話）423-6620,,,5:00−1:00,http://www.city.kishiwada.osaka.jp/soshiki/44/tyurin.html,http://www.city.kishiwada.osaka.jp/tyuurinnjou/05.jpg,,,,,,,自転車　1.000台　　バイク　48台,屋根あり　150円　　屋根なし　100円,屋根あり　---　　　 屋根なし　150円,"屋根あり　2,500円　　屋根なし　2,000円","屋根あり　7,200円　　屋根なし　5,700円","屋根あり　3,500円　　屋根なし　2,800円","屋根あり　10,200円　 屋根なし　8,100円"
11502,1135.39186012104834.4762985320291,135.391860121048,34.4762985320291,135.391860121048,34.4762985320291,市営春木駅東自転車等駐車場,春木旭町7-11　（電話）441-0441,,,6:30−23:00,http://www.city.kishiwada.osaka.jp/soshiki/44/tyurin.html,http://www.city.kishiwada.osaka.jp/tyuurinnjou/06.jpg,,,,,,,自転車　949台　　バイク　58台,150円,200円,"2,500円","7,200円","3,500円","10,200円"
11503,1135.4059722678334.4665770578239,135.40597226783,34.4665770578239,135.40597226783,34.4665770578239,市営久米田駅北自転車等駐車場,下池田町1-25-28　（電話）444-9171,,,4:15−1:30,http://www.city.kishiwada.osaka.jp/soshiki/44/tyurin.html,http://www.city.kishiwada.osaka.jp/tyuurinnjou/08.jpg,,,,,,,自転車　789台　　バイク　50台,屋根あり　150円　　屋根なし　100円,屋根あり　200円　　屋根なし　150円,"屋根あり　2,500円　　屋根なし　2,000円","屋根あり　7,200円　　屋根なし　5,700円","屋根あり　3,500円　　屋根なし　2,800円","屋根あり　10,200円　屋根なし　8,100円"
11504,1135.37641093575434.4591673261905,135.376410935754,34.4591673261905,135.376410935754,34.4591673261905,市営岸和田駅２号自転車等駐輪場,宮本町45-13 （電話）431-0009,,,5:00−1:00,http://www.city.kishiwada.osaka.jp/soshiki/44/tyurin.html,http://www.city.kishiwada.osaka.jp/tyuurinnjou/02.jpg,,,,,,,"自転車　1,003台",150円,---,"2,500円","7,200円",---,---
11505,1135.3798966629534.4615262172513,135.37989666295,34.4615262172513,135.37989666295,34.4615262172513,市営岸和田駅３号自転車等駐車場,別所町1-25-1　（電話）431-0090,,,5:00−1:00,http://www.city.kishiwada.osaka.jp/soshiki/44/tyurin.html,http://www.city.kishiwada.osaka.jp/tyuurinnjou/03.jpg,,,,,,,"自転車　1,211台　　バイク　109台",150円,200円,"2,500円","7,200円","3,500円","10,200円"
11506,1135.37945895639534.4605559018874,135.379458956395,34.4605559018874,135.379458956395,34.4605559018874,市営岸和田駅４号自転車等駐車場,別所町1-1-20　（電話）433-1293,,,5:00−1:00,http://www.city.kishiwada.osaka.jp/soshiki/44/tyurin.html,http://www.city.kishiwada.osaka.jp/tyuurinnjou/04.jpg,,,,,,,自転車　401台　　バイク　107台,150円,200円,"（２階）2,500円　（３階）2,000円","（２階）7,200円　（３階）5,700円","3,500円","10,200円"
11507,1135.3749738653734.4584002161011,135.37497386537,34.4584002161011,135.37497386537,34.4584002161011,市営岸和田駅１号自転車等駐車場,宮本町684番地の1　（電話）431-0009,,,終日,http://www.city.kishiwada.osaka.jp/soshiki/44/tyurin.html,http://www.city.kishiwada.osaka.jp/tyuurinnjou/01.jpg,,,,,,,バイク　178台,---,（50cc超）400円,---,---,"（原付）3,000円　（50−125）3,500円　　（125超）4,000円","（原付）8,700円　（50−125）10,200円　（125超）11,600円"
11508,1135.38565041439734.4671738585399,135.385650414397,34.4671738585399,135.385650414397,34.4671738585399,市営和泉大宮駅東自転車等駐車場,藤井町1-16-6　（電話）444-0630,,,5:00−1:00,http://www.city.kishiwada.osaka.jp/soshiki/44/tyurin.html,http://www.city.kishiwada.osaka.jp/tyuurinnjou/07.jpg,,,,,,,自転車　286台　　バイク　25台,150円,200円,"2,500円","7,200円","3,500円","10,200円"
11509,1135.40449718866734.4645104109351,135.404497188667,34.4645104109351,135.404497188667,34.4645104109351,市営久米田駅南自転車等駐車場,小松里町464番地の1　（電話）444-9170,,,4:15−1:30,http://www.city.kishiwada.osaka.jp/soshiki/44/tyurin.html,http://www.city.kishiwada.osaka.jp/tyuurinnjou/09.jpg,,,,,,,自転車　613台　　バイク　214台,150円,200円,"2,500円","7,200円","屋根あり　3,500円　　屋根なし　2,800円","屋根あり　10,200円　屋根なし　8,100円"
11510,1135.39747166812534.4569510332413,135.397471668125,34.4569510332413,135.397471668125,34.4569510332413,市営下松駅自転車等駐車場,下松町3-2-2　（電話）428-6150,,,4:15−1:30,http://www.city.kishiwada.osaka.jp/soshiki/44/tyurin.html,http://www.city.kishiwada.osaka.jp/tyuurinnjou/10.jpg,,,,,,,自転車　961台　　バイク　207台,150円,200円,"2,500円","7,200円","3,500円","10,200円"
11511,1135.36955828612134.4566667746351,135.369558286121,34.4566667746351,135.369558286121,34.4566667746351,市営蛸地蔵駅自転車等駐車場,岸城町20-15　（電話）432-5103,,,5:00−1:00,http://www.city.kishiwada.osaka.jp/soshiki/44/tyurin.html,http://www.city.kishiwada.osaka.jp/tyuurinnjou/11.jpg,,,,,,,自転車　309台　　バイク　20台,150円,屋根あり　200円　　屋根なし　150円,"屋根あり　2,500円　　屋根なし　2,000円","屋根あり　7,200円　　屋根なし　5,700円","屋根あり　3,500円　　屋根なし　2,800円","屋根あり　10,200円　 屋根なし　8,100円"
11512,1135.38279587936934.4470576930947,135.382795879369,34.4470576930947,135.382795879369,34.4470576930947,東岸和田駅仮設自転車駐車場,土生町5丁目1853番地の1,,,終日,http://www.city.kishiwada.osaka.jp/soshiki/44/kasetutyurin2.html,http://www.city.kishiwada.osaka.jp/tyuurinnjou/12.jpg,,,,,,,"自転車　約1,000台",無料,---,---,---,---,---
11513,1135.38842960003234.4492164258143,135.388429600032,34.4492164258143,135.388429600032,34.4492164258143,東岸和田駅仮設バイク駐車場,作才町118番地の1,,,終日,http://www.city.kishiwada.osaka.jp/soshiki/44/baiku2.html,http://www.city.kishiwada.osaka.jp/tyuurinnjou/13.jpg,,,,,,,バイク　約300台,---,無料,---,---,---,---
11514,1135.3547595773234.47667634101,135.35475957732,34.47667634101,135.35475957732,34.47667634101,岸和田市貝塚市クリーンセンター,岸和田市岸の浦町1番地の2,,5960016,,http://www.kishikai-cleancenter.or.jp/,,,072-436-5389,072-436-4653,,月曜〜金曜　午前8時45分〜午後5時15分（ごみの直接搬入受付時間は午後1時から午後5時）,,,,,,,,
11515,1135.39258817371834.4299760680254,135.392588173718,34.4299760680254,135.392588173718,34.4299760680254,流木浄水場,岸和田市流木町472番地,,5960835,,,,,072-426-2503,,,,,,,,,,,
11516,1135.36427860452234.4597661320407,135.364278604522,34.4597661320407,135.364278604522,34.4597661320407,浜公園,岸和田市大工町267番地1,,0,,,,,,,,,,,,,,,,
11517,1135.36995767220634.459732664231,135.369957672206,34.459732664231,135.369957672206,34.459732664231,千亀利公園,岸和田市岸城町1823番地1,,0,,,,,,,,,,,,,,,,
11518,1135.37986113364834.4529460264126,135.379861133648,34.4529460264126,135.379861133648,34.4529460264126,今池公園,岸和田市土生町2丁目828番地1,,0,,,,,,,,,,,,,,,,
11519,1135.39588123951634.4624345672503,135.395881239516,34.4624345672503,135.395881239516,34.4624345672503,森池公園,岸和田市小松里町2079番地,,0,,,,,,,,,,,,,,,,
11520,1135.39677377018734.4698396627878,135.396773770187,34.4698396627878,135.396773770187,34.4698396627878,中央公園,岸和田市西之内町8番地2号,,5960044,http://www.city.kishiwada.osaka.jp/soshiki/52/chuo-map.html,,,,,,,,,,,,,,,
11521,1135.39764981245934.4759142634733,135.397649812459,34.4759142634733,135.397649812459,34.4759142634733,北公園,岸和田市荒木町2丁目40番地1,,0,,,,,,,,,,,,,,,,
11522,1135.38825057757134.4835341513823,135.388250577571,34.4835341513823,135.388250577571,34.4835341513823,八幡山公園,岸和田市八幡町779番地4,,0,,,,,,,,,,,,,,,,
11523,1135.36319568335734.4601625676066,135.363195683357,34.4601625676066,135.363195683357,34.4601625676066,浜工業公園,岸和田市地蔵浜町10番地1,,0,http://www.city.kishiwada.osaka.jp/soshiki/52/hamakougyou-map.html,,,,,,,,,,,,,,,
11524,1135.42306241880234.4321093263388,135.423062418802,34.4321093263388,135.423062418802,34.4321093263388,蜻蛉池公園,岸和田市三ヶ山町701番地,,0,http://www.city.kishiwada.osaka.jp/soshiki/52/tonnboikekouen.html,,,,,,,,,,,,,,,
11525,1135.42083792622334.4563068035776,135.420837926223,34.4563068035776,135.420837926223,34.4563068035776,久米田公園,岸和田市岡山町26番地2,,0,,,,,,,,,,,,,,,,
11526,1135.40895892142634.4587928076552,135.408958921426,34.4587928076552,135.408958921426,34.4587928076552,久米田公園,岸和田市池尻町918番地,,0,,,,,,,,,,,,,,,,
11527,1135.43903239293134.4575033236501,135.439032392931,34.4575033236501,135.439032392931,34.4575033236501,東山公園,岸和田市東ヶ丘町808番地662,,0,,,,,,,,,,,,,,,,
11528,1135.38684497479734.4925451945341,135.386844974797,34.4925451945341,135.386844974797,34.4925451945341,新開地公園,岸和田市磯上町6丁目800番地1,,0,,,,,,,,,,,,,,,,
11529,1135.39577300361634.485435990738,135.395773003616,34.485435990738,135.395773003616,34.485435990738,松田公園,岸和田市磯上町4丁目295番地4,,0,,,,,,,,,,,,,,,,
11530,1135.40197333295834.4712845112347,135.401973332958,34.4712845112347,135.401973332958,34.4712845112347,四ノ坪公園,岸和田市下池田町2丁目200番地,,0,,,,,,,,,,,,,,,,
11531,1135.40672651342934.4725143200301,135.406726513429,34.4725143200301,135.406726513429,34.4725143200301,箕土路公園,岸和田市箕土路町2丁目572番地,,0,,,,,,,,,,,,,,,,
11532,1135.40345286421934.4762705394922,135.403452864219,34.4762705394922,135.403452864219,34.4762705394922,牛神公園,岸和田市中井町1丁目284番地,,0,,,,,,,,,,,,,,,,
11533,1135.40989247409434.4754441684962,135.409892474094,34.4754441684962,135.409892474094,34.4754441684962,十七の坪公園,岸和田市箕土路町2丁目637番地,,0,,,,,,,,,,,,,,,,
11534,1135.40738764470134.4780715012957,135.407387644701,34.4780715012957,135.407387644701,34.4780715012957,中井公園,岸和田市中井町3丁目708番地,,0,,,,,,,,,,,,,,,,
11536,1135.38372446197534.4548384542896,135.383724461975,34.4548384542896,135.383724461975,34.4548384542896,泉公園,岸和田市作才町1丁目4043番地,,0,,,,,,,,,,,,,,,,
11537,1135.38797884014534.4520390577646,135.387978840145,34.4520390577646,135.387978840145,34.4520390577646,作才公園,岸和田市作才町1267番地,,0,,,,,,,,,,,,,,,,
11538,1135.37974554551534.4486924733596,135.379745545515,34.4486924733596,135.379745545515,34.4486924733596,城南公園,岸和田市土生町2丁目3301番地,,0,,,,,,,,,,,,,,,,
11539,1135.40038757071634.4295015731658,135.400387570716,34.4295015731658,135.400387570716,34.4295015731658,天神山ゾウ公園,岸和田市天神山町2丁目73番地328,,0,,,,,,,,,,,,,,,,
11540,1135.39760181231334.428218052311,135.397601812313,34.428218052311,135.397601812313,34.428218052311,天神山キリン公園,岸和田市天神山町2丁目73番地229,,0,,,,,,,,,,,,,,,,
11541,1135.40131348678234.427378178994,135.401313486782,34.427378178994,135.401313486782,34.427378178994,天神山クマ公園,岸和田市天神山町3丁目20番地3,,0,,,,,,,,,,,,,,,,
11542,1135.4038005277434.4622130004016,135.40380052774,34.4622130004016,135.40380052774,34.4622130004016,土井ノ池公園,岸和田市小松里町911番地12,,0,,,,,,,,,,,,,,,,
11543,1135.38198477706734.4780037199506,135.381984777067,34.4780037199506,135.381984777067,34.4780037199506,泉浜公園,岸和田市春木泉町1492番地7,,0,,,,,,,,,,,,,,,,
11544,1135.39331029060134.4646990364872,135.393310290601,34.4646990364872,135.393310290601,34.4646990364872,西之内第1公園,岸和田市西之内町2266番地,,0,,,,,,,,,,,,,,,,
11545,1135.39122721612234.4624143011754,135.391227216122,34.4624143011754,135.391227216122,34.4624143011754,西之内第2公園,岸和田市西之内町2111番地,,0,,,,,,,,,,,,,,,,
11546,1135.40218007661634.4688452762303,135.402180076616,34.4688452762303,135.402180076616,34.4688452762303,下池田公園,岸和田市下池田町1丁目1144番地,,0,,,,,,,,,,,,,,,,
11547,1135.40132049871834.4648134551687,135.401320498718,34.4648134551687,135.401320498718,34.4648134551687,小松里第1公園,岸和田市小松里町2243番地,,0,,,,,,,,,,,,,,,,
11548,1135.39850158467534.4662110814115,135.398501584675,34.4662110814115,135.398501584675,34.4662110814115,小松里第2公園,岸和田市小松里町2367番地,,0,,,,,,,,,,,,,,,,
11549,1135.39731966388734.4607009257861,135.397319663887,34.4607009257861,135.397319663887,34.4607009257861,額原公園,岸和田市額原町1101番地,,0,,,,,,,,,,,,,,,,
11550,1135.3823572061634.4649474122792,135.38235720616,34.4649474122792,135.38235720616,34.4649474122792,牛之口公園,岸和田市上野町東205番地5,,0,,,,,,,,,,,,,,,,
11551,1135.36837070621634.453859637249,135.368370706216,34.453859637249,135.368370706216,34.453859637249,南公園,岸和田市南上町1丁目431番地1,,0,http://www.city.kishiwada.osaka.jp/soshiki/52/minami-kouen.html,,,,,,,,,,,,,,,
11552,1135.37941467253934.4550828708391,135.379414672539,34.4550828708391,135.379414672539,34.4550828708391,野田公園,岸和田市野田町2丁目215番地1,,0,,,,,,,,,,,,,,,,
11553,1135.384796102534.4563866103304,135.3847961025,34.4563866103304,135.3847961025,34.4563866103304,宮の池公園,岸和田市別所町3丁目102番地1,,0,,,,,,,,,,,,,,,,
11554,1135.43313047669434.447208654703,135.433130476694,34.447208654703,135.433130476694,34.447208654703,包近公園,岸和田市包近町490番地1,,0,,,,,,,,,,,,,,,,
11555,1135.38874742820334.4578247103325,135.388747428203,34.4578247103325,135.388747428203,34.4578247103325,寺池公園,岸和田市別所町3丁目677番地35,,0,,,,,,,,,,,,,,,,
11556,1135.38486239932434.45146109458,135.384862399324,34.45146109458,135.384862399324,34.45146109458,東岸和田公園,岸和田市土生町4179番地,,0,,,,,,,,,,,,,,,,
11557,1135.38262149445234.4720702671876,135.382621494452,34.4720702671876,135.382621494452,34.4720702671876,野村公園,岸和田市上野町西2036番地,,0,,,,,,,,,,,,,,,,
11558,1135.41458819435134.4646054508197,135.414588194351,34.4646054508197,135.414588194351,34.4646054508197,大路公園,岸和田市池尻町288番地,,0,,,,,,,,,,,,,,,,
11559,1135.39033472359934.45386686188,135.390334723599,34.45386686188,135.390334723599,34.45386686188,ときわ公園（上松公園）,岸和田市上松町21番地,,0,http://www.city.kishiwada.osaka.jp/soshiki/52/tokiwakouen.html,,,,,,,,,,,,,,,
11560,1135.404760291634.4367656360524,135.4047602916,34.4367656360524,135.4047602916,34.4367656360524,葛城公園,岸和田市葛城町2834番地1,,0,,,,,,,,,,,,,,,,
11561,1135.37513207405734.4719625802276,135.375132074057,34.4719625802276,135.375132074057,34.4719625802276,臨海緑地,岸和田市臨海町21番地1,,0,,,,,,,,,,,,,,,,
11562,1135.43875120606334.4612797711606,135.438751206063,34.4612797711606,135.438751206063,34.4612797711606,東ケ丘第一公園,岸和田市東ケ丘町808番地681,,0,,,,,,,,,,,,,,,,
11563,1135.39991555754834.4541022706678,135.399915557548,34.4541022706678,135.399915557548,34.4541022706678,上松台第一公園,岸和田市上松町610番地68,,0,,,,,,,,,,,,,,,,
11564,1135.3975844622534.4526104505428,135.39758446225,34.4526104505428,135.39758446225,34.4526104505428,上松台第二公園,岸和田市上松町358番地179,,0,,,,,,,,,,,,,,,,
11565,1135.39723733165834.4507826926087,135.397237331658,34.4507826926087,135.397237331658,34.4507826926087,上松台第三公園,岸和田市上松町358番地117,,0,,,,,,,,,,,,,,,,
11566,1135.42134239295134.4499903263209,135.421342392951,34.4499903263209,135.421342392951,34.4499903263209,黄金塚第一公園,岸和田市岡山町810番地147,,0,,,,,,,,,,,,,,,,
11567,1135.42347620101234.4184213695045,135.423476201012,34.4184213695045,135.423476201012,34.4184213695045,緑と太陽の丘,岸和田市尾生町2029番地1,,0,,,,,,,,,,,,,,,,
11568,1135.36780836055734.4605927324239,135.367808360557,34.4605927324239,135.367808360557,34.4605927324239,中町公園,岸和田市中町127番地3,,0,,,,,,,,,,,,,,,,
11569,1135.42132578292334.4522884527471,135.421325782923,34.4522884527471,135.421325782923,34.4522884527471,黄金塚第二公園,岸和田市岡山町780番地108,,0,,,,,,,,,,,,,,,,
11570,1135.3809359997234.4462398215739,135.38093599972,34.4462398215739,135.38093599972,34.4462398215739,東区１号公園,岸和田市土生町2丁目1619番地16,,0,,,,,,,,,,,,,,,,
11571,1135.38645811779334.4428263566908,135.386458117793,34.4428263566908,135.386458117793,34.4428263566908,旭公園,岸和田市土生町1510番地36,,0,,,,,,,,,,,,,,,,
11572,1135.38708634878934.4434513003482,135.387086348789,34.4434513003482,135.387086348789,34.4434513003482,旭緑地,岸和田市土生町1510番地30,,0,,,,,,,,,,,,,,,,
11573,1135.38152991751334.4840715702131,135.381529917513,34.4840715702131,135.381529917513,34.4840715702131,松風公園,岸和田市松風町1173番地270,,0,,,,,,,,,,,,,,,,
11574,1135.40517307926334.4527584578394,135.405173079263,34.4527584578394,135.405173079263,34.4527584578394,桜台公園,岸和田市下松町1156番地31,,0,,,,,,,,,,,,,,,,
11575,1135.40059317804134.4609697878587,135.400593178041,34.4609697878587,135.400593178041,34.4609697878587,桜緑地,岸和田市小松里町1番地31,,0,,,,,,,,,,,,,,,,
11576,1135.38414189859234.4907509808313,135.384141898592,34.4907509808313,135.384141898592,34.4907509808313,磯上町3丁目緑地,岸和田市磯上町3丁目993番地16,,0,,,,,,,,,,,,,,,,
11577,1135.44037152139434.4586994555863,135.440371521394,34.4586994555863,135.440371521394,34.4586994555863,東ケ丘第二公園,岸和田市東ケ丘町808番地945,,0,,,,,,,,,,,,,,,,
11578,1135.43565958895934.459976084157,135.435659588959,34.459976084157,135.435659588959,34.459976084157,東ケ丘第三公園,岸和田市東ケ丘町808番地338,,0,,,,,,,,,,,,,,,,
11579,1135.40001498901134.4471272565823,135.400014989011,34.4471272565823,135.400014989011,34.4471272565823,星和北公園,岸和田市上松町511番地253,,0,,,,,,,,,,,,,,,,
11580,1135.40274298448234.4453533267146,135.402742984482,34.4453533267146,135.402742984482,34.4453533267146,星和南公園,岸和田市上松町511番地300,,0,,,,,,,,,,,,,,,,
11581,1135.38151457358134.4486051583309,135.381514573581,34.4486051583309,135.381514573581,34.4486051583309,東区２号公園,岸和田市土生町2丁目1855番地14,,0,,,,,,,,,,,,,,,,
11582,1135.42693027613334.4575164842653,135.426930276133,34.4575164842653,135.426930276133,34.4575164842653,岡山町東出公園,岸和田市岡山町178番地72,,0,,,,,,,,,,,,,,,,
11583,1135.37951325530434.4734275687591,135.379513255304,34.4734275687591,135.379513255304,34.4734275687591,下野町ゾウ公園,岸和田市下野町2丁目764番地19,,0,,,,,,,,,,,,,,,,
11584,1135.37845518649634.4722448827398,135.378455186496,34.4722448827398,135.378455186496,34.4722448827398,下野町2丁目公園,岸和田市下野町2丁目764番地21,,0,,,,,,,,,,,,,,,,
11585,1135.38849055780334.476008128052,135.388490557803,34.476008128052,135.388490557803,34.476008128052,春木若松町緑地,岸和田市春木若松町170番地16,,0,,,,,,,,,,,,,,,,
11586,1135.42648409943134.4511731064372,135.426484099431,34.4511731064372,135.426484099431,34.4511731064372,三田町おぐら台公園,岸和田市三田町1693番地36,,0,,,,,,,,,,,,,,,,
11587,1135.39561770380634.4328478587342,135.395617703806,34.4328478587342,135.395617703806,34.4328478587342,天神公園,岸和田市神須屋町510番地36,,0,,,,,,,,,,,,,,,,
11588,1135.38361454501534.440024189358,135.383614545015,34.440024189358,135.383614545015,34.440024189358,畑町公園,岸和田市畑町427番地1,,0,,,,,,,,,,,,,,,,
11589,1135.39708100314834.4288564089086,135.397081003148,34.4288564089086,135.397081003148,34.4288564089086,天神山買物公園,岸和田市天神山町2丁目73番地312,,0,,,,,,,,,,,,,,,,
11590,1135.39804821332434.4278753594456,135.398048213324,34.4278753594456,135.398048213324,34.4278753594456,天神山うさぎ公園,岸和田市天神山町2丁目73番地325,,0,,,,,,,,,,,,,,,,
11591,1135.39972627380634.4288766287296,135.399726273806,34.4288766287296,135.399726273806,34.4288766287296,天神山りす公園,岸和田市天神山町2丁目73番地327,,0,,,,,,,,,,,,,,,,
11592,1135.3981970467334.4267733371222,135.39819704673,34.4267733371222,135.39819704673,34.4267733371222,天神山白鳥公園,岸和田市天神山町3丁目20番地173,,0,,,,,,,,,,,,,,,,
11593,1135.4090583534634.4518043542442,135.40905835346,34.4518043542442,135.40905835346,34.4518043542442,西代公園,岸和田市尾生町3丁目3408番地,,0,,,,,,,,,,,,,,,,
11594,1135.39640221316834.4568908524362,135.396402213168,34.4568908524362,135.396402213168,34.4568908524362,下松駅前公園,岸和田市下松町3丁目743番地21,,0,,,,,,,,,,,,,,,,
11595,1135.39174739056234.4806985317097,135.391747390562,34.4806985317097,135.391747390562,34.4806985317097,春木緑地,岸和田市春木若松町555番地11,,0,,,,,,,,,,,,,,,,
11596,1135.38969728826534.4812091793428,135.389697288265,34.4812091793428,135.389697288265,34.4812091793428,八幡宮ノ上公園,岸和田市八幡町2042番地,,0,,,,,,,,,,,,,,,,
11597,1135.39886657727134.4283793534468,135.398866577271,34.4283793534468,135.398866577271,34.4283793534468,天神山パンダ公園,岸和田市天神山町2丁目72番地326,,0,,,,,,,,,,,,,,,,
11598,1135.39632862069734.4328411554092,135.396328620697,34.4328411554092,135.396328620697,34.4328411554092,天神山緑地,岸和田市天神山町1丁目516番地27,,0,,,,,,,,,,,,,,,,
11599,1135.39307103256734.4506885214191,135.393071032567,34.4506885214191,135.393071032567,34.4506885214191,上松原代公園,岸和田市上松町248番地,,0,,,,,,,,,,,,,,,,
11600,1135.39212836278834.4593971906054,135.392128362788,34.4593971906054,135.392128362788,34.4593971906054,下松公園,岸和田市下松町1丁目157番地2,,0,,,,,,,,,,,,,,,,
11601,1135.41071251404734.4259605449083,135.410712514047,34.4259605449083,135.410712514047,34.4259605449083,有真香公園,岸和田市土生滝町2110番地,,0,,,,,,,,,,,,,,,,
11602,1135.40771929435534.4485385643047,135.407719294355,34.4485385643047,135.407719294355,34.4485385643047,尾生緑道,岸和田市尾生町863番地2,,0,,,,,,,,,,,,,,,,
11603,1135.39222829130834.437585147514,135.392228291308,34.437585147514,135.392228291308,34.437585147514,行遇公園,岸和田市行遇町1番地318,,0,,,,,,,,,,,,,,,,
11605,1135.40272659699434.4410124201398,135.402726596994,34.4410124201398,135.402726596994,34.4410124201398,門前公園,岸和田市門前町2丁目1368番地1,,0,,,,,,,,,,,,,,,,
11796,1135.40475965108334.4558763747129,135.404759651083,34.4558763747129,135.404759651083,34.4558763747129,額原緑地,岸和田市額原町348番地1,,0,,,,,,,,,,,,,,,,
11797,1135.40946333514434.454055452667,135.409463335144,34.454055452667,135.409463335144,34.454055452667,尾生久米田第1公園,岸和田市額原町1222番,,0,,,,,,,,,,,,,,,,
11798,1135.41460520629334.4503261547099,135.414605206293,34.4503261547099,135.414605206293,34.4503261547099,尾生久米田第3公園,岸和田市尾生町5丁目5192番,,0,,,,,,,,,,,,,,,,
11799,1135.41272050568634.4486797924291,135.412720505686,34.4486797924291,135.412720505686,34.4486797924291,尾生久米田第4公園,岸和田市尾生町4丁目4159番,,0,,,,,,,,,,,,,,,,
11800,1135.415547673234.4476719071331,135.4155476732,34.4476719071331,135.4155476732,34.4476719071331,尾生久米田第6公園,岸和田市尾生町6丁目6076番,,0,,,,,,,,,,,,,,,,
11802,1135.3952827495634.4422584753919,135.39528274956,34.4422584753919,135.39528274956,34.4422584753919,中島池公園,岸和田市土生町694番地1,,0,,,,,,,,,,,,,,,,
11804,1135.41149254514834.4508644579395,135.411492545148,34.4508644579395,135.411492545148,34.4508644579395,尾生久米田第2公園,岸和田市尾生町3丁目3580番,,0,,,,,,,,,,,,,,,,
11811,1135.38635234225234.4490306941106,135.386352342252,34.4490306941106,135.386352342252,34.4490306941106,土生公園,岸和田市土生町4丁目4405番地,,0,,,,,,,,,,,,,,,,
11812,1135.35393446129734.4722453046089,135.353934461297,34.4722453046089,135.353934461297,34.4722453046089,岸之浦緑道,岸和田市岸之浦町3番4,,0,,,,,,,,,,,,,,,,
11813,1135.41340549726434.4525754612173,135.413405497264,34.4525754612173,135.413405497264,34.4525754612173,尾生久米田第8公園,岸和田市尾生町5丁目5212番,,0,,,,,,,,,,,,,,,,
11814,1135.41344571633734.4515368228032,135.413445716337,34.4515368228032,135.413445716337,34.4515368228032,尾生久米田第7公園,岸和田市尾生町5丁目5119番,,0,,,,,,,,,,,,,,,,
11848,1135.41545247487934.4448162614487,135.415452474879,34.4448162614487,135.415452474879,34.4448162614487,尾生久米田第5公園,岸和田市尾生町7丁目7091番,,0,,,,,,,,,,,,,,,,
11852,1135.39785531751234.4614280600361,135.397855317512,34.4614280600361,135.397855317512,34.4614280600361,大阪府立久米田高等学校,岸和田市額原町1100番地,,5960822,,,,,072-443-6651,072-443-0307,,,,,,,,,,
11853,1135.39638343407934.4694478728091,135.396383434079,34.4694478728091,135.396383434079,34.4694478728091,中央公園プール,岸和田市西之内町8,,,,,,,072-444-4371,,,,,,,,,,,
11855,1135.37835168168934.463237873468,135.378351681689,34.463237873468,135.378351681689,34.463237873468,test,大阪府岸和田市沼町１０-３,,90,,,,,,,,,,,,,,,,
11856,1135.3779487981834.4602856232752,135.37794879818,34.4602856232752,135.37794879818,34.4602856232752,test,,,,,,,入力確認,,,,,,,,,,,,
11868,1135.3685295096834.4609849497796,135.36852950968,34.4609849497796,135.36852950968,34.4609849497796,写真添付テスト3,,,,,,,,,,,,,,,,,,,
11870,1135.3684214012834.4601017860017,135.36842140128,34.4601017860017,135.36842140128,34.4601017860017,写真登録youtテスト,,,,,,,,,,,,,,,,,,,
11871,1135.36864051669834.459911343157,135.368640516698,34.459911343157,135.368640516698,34.459911343157,,,,,,,,,,,,,,,,,,,,
11874,1135.3695060218434.4609017955072,135.36950602184,34.4609017955072,135.36950602184,34.4609017955072,名称,所在地,ひとくちメモ,郵便番号,利用時間,URL,写真URL,備考,電話番号,FAX番号,EMAIL,開館時間,開催期間,収容台数,一時利用料,一時利用_1,月極利用料,月極利用_1,月極利用_2,月極利用_4
11878,1135.37127877000434.4600739239591,135.371278770004,34.4600739239591,135.371278770004,34.4600739239591,名前,所在地,,,,,,,,,,,,,,,,,,
11879,1135.38302277659934.4568960575459,135.383022776599,34.4568960575459,135.383022776599,34.4568960575459,test,,,,,,,,,,,,,,,,,,,
11883,1135.37169901410234.4591690649526,135.371699014102,34.4591690649526,135.371699014102,34.4591690649526,tetete,,,,,,,,,,,,,,,,,,,
11884,1135.3724979619934.4597691162443,135.37249796199,34.4597691162443,135.37249796199,34.4597691162443,,,,5,,,,,,,,,,,,,,,,
11901,1135.38614338996934.4592826367328,135.386143389969,34.4592826367328,135.386143389969,34.4592826367328,test警察2,,,,,,,,,,,,,,,,,,,
11902,1135.38718303319534.4603696869401,135.387183033195,34.4603696869401,135.387183033195,34.4603696869401,test交番3,,,,,,,,,,,,,,,,,,,
11921,1135.37046666199334.4590782505961,135.370466661993,34.4590782505961,135.370466661993,34.4590782505961,kishiwada castle,,,3,,,,,,,,,,,,,,,,